{
  "mdi-action-3d-rotation": "action 3d-rotation",
  "mdi-action-accessibility": "action accessibility",
  "mdi-action-account-balance": "action account-balance",
  "mdi-action-account-balance-wallet": "action account-balance-wallet",
  "mdi-action-account-box": "action account-box",
  "mdi-action-account-child": "action account-child",
  "mdi-action-account-circle": "action account-circle",
  "mdi-action-add-shopping-cart": "action add-shopping-cart",
  "mdi-action-alarm": "action alarm",
  "mdi-action-alarm-add": "action alarm-add",
  "mdi-action-alarm-off": "action alarm-off",
  "mdi-action-alarm-on": "action alarm-on",
  "mdi-action-android": "action android",
  "mdi-action-announcement": "action announcement",
  "mdi-action-aspect-ratio": "action aspect-ratio",
  "mdi-action-assessment": "action assessment",
  "mdi-action-assignment": "action assignment",
  "mdi-action-assignment-ind": "action assignment-ind",
  "mdi-action-assignment-late": "action assignment-late",
  "mdi-action-assignment-return": "action assignment-return",
  "mdi-action-assignment-returned": "action assignment-returned",
  "mdi-action-assignment-turned-in": "action assignment-turned-in",
  "mdi-action-autorenew": "action autorenew",
  "mdi-action-backup": "action backup",
  "mdi-action-book": "action book",
  "mdi-action-bookmark": "action bookmark",
  "mdi-action-bookmark-outline": "action bookmark-outline",
  "mdi-action-bug-report": "action bug-report",
  "mdi-action-cached": "action cached",
  "mdi-action-class": "action class",
  "mdi-action-credit-card": "action credit-card",
  "mdi-action-dashboard": "action dashboard",
  "mdi-action-delete": "action delete",
  "mdi-action-description": "action description",
  "mdi-action-dns": "action dns",
  "mdi-action-done": "action done",
  "mdi-action-done-all": "action done-all",
  "mdi-action-event": "action event",
  "mdi-action-exit-to-app": "action exit-to-app",
  "mdi-action-explore": "action explore",
  "mdi-action-extension": "action extension",
  "mdi-action-face-unlock": "action face-unlock",
  "mdi-action-favorite": "action favorite",
  "mdi-action-favorite-outline": "action favorite-outline",
  "mdi-action-find-in-page": "action find-in-page",
  "mdi-action-find-replace": "action find-replace",
  "mdi-action-flip-to-back": "action flip-to-back",
  "mdi-action-flip-to-front": "action flip-to-front",
  "mdi-action-get-app": "action get-app",
  "mdi-action-grade": "action grade",
  "mdi-action-group-work": "action group-work",
  "mdi-action-help": "action help",
  "mdi-action-highlight-remove": "action highlight-remove",
  "mdi-action-history": "action history",
  "mdi-action-home": "action home",
  "mdi-action-https": "action https",
  "mdi-action-info": "action info",
  "mdi-action-info-outline": "action info-outline",
  "mdi-action-input": "action input",
  "mdi-action-invert-colors": "action invert-colors",
  "mdi-action-label": "action label",
  "mdi-action-label-outline": "action label-outline",
  "mdi-action-language": "action language",
  "mdi-action-launch": "action launch",
  "mdi-action-list": "action list",
  "mdi-action-lock": "action lock",
  "mdi-action-lock-open": "action lock-open",
  "mdi-action-lock-outline": "action lock-outline",
  "mdi-action-loyalty": "action loyalty",
  "mdi-action-markunread-mailbox": "action markunread-mailbox",
  "mdi-action-note-add": "action note-add",
  "mdi-action-open-in-browser": "action open-in-browser",
  "mdi-action-open-in-new": "action open-in-new",
  "mdi-action-open-with": "action open-with",
  "mdi-action-pageview": "action pageview",
  "mdi-action-payment": "action payment",
  "mdi-action-perm-camera-mic": "action perm-camera-mic",
  "mdi-action-perm-contact-cal": "action perm-contact-cal",
  "mdi-action-perm-data-setting": "action perm-data-setting",
  "mdi-action-perm-device-info": "action perm-device-info",
  "mdi-action-perm-identity": "action perm-identity",
  "mdi-action-perm-media": "action perm-media",
  "mdi-action-perm-phone-msg": "action perm-phone-msg",
  "mdi-action-perm-scan-wifi": "action perm-scan-wifi",
  "mdi-action-picture-in-picture": "action picture-in-picture",
  "mdi-action-polymer": "action polymer",
  "mdi-action-print": "action print",
  "mdi-action-query-builder": "action query-builder",
  "mdi-action-question-answer": "action question-answer",
  "mdi-action-receipt": "action receipt",
  "mdi-action-redeem": "action redeem",
  "mdi-action-report-problem": "action report-problem",
  "mdi-action-restore": "action restore",
  "mdi-action-room": "action room",
  "mdi-action-schedule": "action schedule",
  "mdi-action-search": "action search",
  "mdi-action-settings": "action settings",
  "mdi-action-settings-applications": "action settings-applications",
  "mdi-action-settings-backup-restore": "action settings-backup-restore",
  "mdi-action-settings-bluetooth": "action settings-bluetooth",
  "mdi-action-settings-cell": "action settings-cell",
  "mdi-action-settings-display": "action settings-display",
  "mdi-action-settings-ethernet": "action settings-ethernet",
  "mdi-action-settings-input-antenna": "action settings-input-antenna",
  "mdi-action-settings-input-component": "action settings-input-component",
  "mdi-action-settings-input-composite": "action settings-input-composite",
  "mdi-action-settings-input-hdmi": "action settings-input-hdmi",
  "mdi-action-settings-input-svideo": "action settings-input-svideo",
  "mdi-action-settings-overscan": "action settings-overscan",
  "mdi-action-settings-phone": "action settings-phone",
  "mdi-action-settings-power": "action settings-power",
  "mdi-action-settings-remote": "action settings-remote",
  "mdi-action-settings-voice": "action settings-voice",
  "mdi-action-shop": "action shop",
  "mdi-action-shop-two": "action shop-two",
  "mdi-action-shopping-basket": "action shopping-basket",
  "mdi-action-shopping-cart": "action shopping-cart",
  "mdi-action-speaker-notes": "action speaker-notes",
  "mdi-action-spellcheck": "action spellcheck",
  "mdi-action-star-rate": "action star-rate",
  "mdi-action-stars": "action stars",
  "mdi-action-store": "action store",
  "mdi-action-subject": "action subject",
  "mdi-action-swap-horiz": "action swap-horiz",
  "mdi-action-swap-vert": "action swap-vert",
  "mdi-action-swap-vert-circle": "action swap-vert-circle",
  "mdi-action-system-update-tv": "action system-update-tv",
  "mdi-action-tab": "action tab",
  "mdi-action-tab-unselected": "action tab-unselected",
  "mdi-action-theaters": "action theaters",
  "mdi-action-thumb-down": "action thumb-down",
  "mdi-action-thumb-up": "action thumb-up",
  "mdi-action-thumbs-up-down": "action thumbs-up-down",
  "mdi-action-toc": "action toc",
  "mdi-action-today": "action today",
  "mdi-action-track-changes": "action track-changes",
  "mdi-action-translate": "action translate",
  "mdi-action-trending-down": "action trending-down",
  "mdi-action-trending-neutral": "action trending-neutral",
  "mdi-action-trending-up": "action trending-up",
  "mdi-action-turned-in": "action turned-in",
  "mdi-action-turned-in-not": "action turned-in-not",
  "mdi-action-verified-user": "action verified-user",
  "mdi-action-view-agenda": "action view-agenda",
  "mdi-action-view-array": "action view-array",
  "mdi-action-view-carousel": "action view-carousel",
  "mdi-action-view-column": "action view-column",
  "mdi-action-view-day": "action view-day",
  "mdi-action-view-headline": "action view-headline",
  "mdi-action-view-list": "action view-list",
  "mdi-action-view-module": "action view-module",
  "mdi-action-view-quilt": "action view-quilt",
  "mdi-action-view-stream": "action view-stream",
  "mdi-action-view-week": "action view-week",
  "mdi-action-visibility": "action visibility",
  "mdi-action-visibility-off": "action visibility-off",
  "mdi-action-wallet-giftcard": "action wallet-giftcard",
  "mdi-action-wallet-membership": "action wallet-membership",
  "mdi-action-wallet-travel": "action wallet-travel",
  "mdi-action-work": "action work",
  "mdi-alert-error": "alert error",
  "mdi-alert-warning": "alert warning",
  "mdi-av-album": "av album",
  "mdi-av-closed-caption": "av closed-caption",
  "mdi-av-equalizer": "av equalizer",
  "mdi-av-explicit": "av explicit",
  "mdi-av-fast-forward": "av fast-forward",
  "mdi-av-fast-rewind": "av fast-rewind",
  "mdi-av-games": "av games",
  "mdi-av-hearing": "av hearing",
  "mdi-av-high-quality": "av high-quality",
  "mdi-av-loop": "av loop",
  "mdi-av-mic": "av mic",
  "mdi-av-mic-none": "av mic-none",
  "mdi-av-mic-off": "av mic-off",
  "mdi-av-movie": "av movie",
  "mdi-av-my-library-add": "av my-library-add",
  "mdi-av-my-library-books": "av my-library-books",
  "mdi-av-my-library-music": "av my-library-music",
  "mdi-av-new-releases": "av new-releases",
  "mdi-av-not-interested": "av not-interested",
  "mdi-av-pause": "av pause",
  "mdi-av-pause-circle-fill": "av pause-circle-fill",
  "mdi-av-pause-circle-outline": "av pause-circle-outline",
  "mdi-av-play-arrow": "av play-arrow",
  "mdi-av-play-circle-fill": "av play-circle-fill",
  "mdi-av-play-circle-outline": "av play-circle-outline",
  "mdi-av-play-shopping-bag": "av play-shopping-bag",
  "mdi-av-playlist-add": "av playlist-add",
  "mdi-av-queue": "av queue",
  "mdi-av-queue-music": "av queue-music",
  "mdi-av-radio": "av radio",
  "mdi-av-recent-actors": "av recent-actors",
  "mdi-av-repeat": "av repeat",
  "mdi-av-repeat-one": "av repeat-one",
  "mdi-av-replay": "av replay",
  "mdi-av-shuffle": "av shuffle",
  "mdi-av-skip-next": "av skip-next",
  "mdi-av-skip-previous": "av skip-previous",
  "mdi-av-snooze": "av snooze",
  "mdi-av-stop": "av stop",
  "mdi-av-subtitles": "av subtitles",
  "mdi-av-surround-sound": "av surround-sound",
  "mdi-av-timer": "av timer",
  "mdi-av-video-collection": "av video-collection",
  "mdi-av-videocam": "av videocam",
  "mdi-av-videocam-off": "av videocam-off",
  "mdi-av-volume-down": "av volume-down",
  "mdi-av-volume-mute": "av volume-mute",
  "mdi-av-volume-off": "av volume-off",
  "mdi-av-volume-up": "av volume-up",
  "mdi-av-web": "av web",
  "mdi-communication-business": "communication business",
  "mdi-communication-call": "communication call",
  "mdi-communication-call-end": "communication call-end",
  "mdi-communication-call-made": "communication call-made",
  "mdi-communication-call-merge": "communication call-merge",
  "mdi-communication-call-missed": "communication call-missed",
  "mdi-communication-call-received": "communication call-received",
  "mdi-communication-call-split": "communication call-split",
  "mdi-communication-chat": "communication chat",
  "mdi-communication-clear-all": "communication clear-all",
  "mdi-communication-comment": "communication comment",
  "mdi-communication-contacts": "communication contacts",
  "mdi-communication-dialer-sip": "communication dialer-sip",
  "mdi-communication-dialpad": "communication dialpad",
  "mdi-communication-dnd-on": "communication dnd-on",
  "mdi-communication-email": "communication email",
  "mdi-communication-forum": "communication forum",
  "mdi-communication-import-export": "communication import-export",
  "mdi-communication-invert-colors-off": "communication invert-colors-off",
  "mdi-communication-invert-colors-on": "communication invert-colors-on",
  "mdi-communication-live-help": "communication live-help",
  "mdi-communication-location-off": "communication location-off",
  "mdi-communication-location-on": "communication location-on",
  "mdi-communication-message": "communication message",
  "mdi-communication-messenger": "communication messenger",
  "mdi-communication-no-sim": "communication no-sim",
  "mdi-communication-phone": "communication phone",
  "mdi-communication-portable-wifi-off": "communication portable-wifi-off",
  "mdi-communication-quick-contacts-dialer": "communication quick-contacts-dialer",
  "mdi-communication-quick-contacts-mail": "communication quick-contacts-mail",
  "mdi-communication-ring-volume": "communication ring-volume",
  "mdi-communication-stay-current-landscape": "communication stay-current-landscape",
  "mdi-communication-stay-current-portrait": "communication stay-current-portrait",
  "mdi-communication-stay-primary-landscape": "communication stay-primary-landscape",
  "mdi-communication-stay-primary-portrait": "communication stay-primary-portrait",
  "mdi-communication-swap-calls": "communication swap-calls",
  "mdi-communication-textsms": "communication textsms",
  "mdi-communication-voicemail": "communication voicemail",
  "mdi-communication-vpn-key": "communication vpn-key",
  "mdi-content-add": "content add",
  "mdi-content-add-box": "content add-box",
  "mdi-content-add-circle": "content add-circle",
  "mdi-content-add-circle-outline": "content add-circle-outline",
  "mdi-content-archive": "content archive",
  "mdi-content-backspace": "content backspace",
  "mdi-content-block": "content block",
  "mdi-content-clear": "content clear",
  "mdi-content-content-copy": "content content-copy",
  "mdi-content-content-cut": "content content-cut",
  "mdi-content-content-paste": "content content-paste",
  "mdi-content-create": "content create",
  "mdi-content-drafts": "content drafts",
  "mdi-content-filter-list": "content filter-list",
  "mdi-content-flag": "content flag",
  "mdi-content-forward": "content forward",
  "mdi-content-gesture": "content gesture",
  "mdi-content-inbox": "content inbox",
  "mdi-content-link": "content link",
  "mdi-content-mail": "content mail",
  "mdi-content-markunread": "content markunread",
  "mdi-content-redo": "content redo",
  "mdi-content-remove": "content remove",
  "mdi-content-remove-circle": "content remove-circle",
  "mdi-content-remove-circle-outline": "content remove-circle-outline",
  "mdi-content-reply": "content reply",
  "mdi-content-reply-all": "content reply-all",
  "mdi-content-report": "content report",
  "mdi-content-save": "content save",
  "mdi-content-select-all": "content select-all",
  "mdi-content-send": "content send",
  "mdi-content-sort": "content sort",
  "mdi-content-text-format": "content text-format",
  "mdi-content-undo": "content undo",
  "mdi-device-access-alarm": "device access-alarm",
  "mdi-device-access-alarms": "device access-alarms",
  "mdi-device-access-time": "device access-time",
  "mdi-device-add-alarm": "device add-alarm",
  "mdi-device-airplanemode-off": "device airplanemode-off",
  "mdi-device-airplanemode-on": "device airplanemode-on",
  "mdi-device-battery-20": "device battery-20",
  "mdi-device-battery-30": "device battery-30",
  "mdi-device-battery-50": "device battery-50",
  "mdi-device-battery-60": "device battery-60",
  "mdi-device-battery-80": "device battery-80",
  "mdi-device-battery-90": "device battery-90",
  "mdi-device-battery-alert": "device battery-alert",
  "mdi-device-battery-charging-20": "device battery-charging-20",
  "mdi-device-battery-charging-30": "device battery-charging-30",
  "mdi-device-battery-charging-50": "device battery-charging-50",
  "mdi-device-battery-charging-60": "device battery-charging-60",
  "mdi-device-battery-charging-80": "device battery-charging-80",
  "mdi-device-battery-charging-90": "device battery-charging-90",
  "mdi-device-battery-charging-full": "device battery-charging-full",
  "mdi-device-battery-full": "device battery-full",
  "mdi-device-battery-std": "device battery-std",
  "mdi-device-battery-unknown": "device battery-unknown",
  "mdi-device-bluetooth": "device bluetooth",
  "mdi-device-bluetooth-connected": "device bluetooth-connected",
  "mdi-device-bluetooth-disabled": "device bluetooth-disabled",
  "mdi-device-bluetooth-searching": "device bluetooth-searching",
  "mdi-device-brightness-auto": "device brightness-auto",
  "mdi-device-brightness-high": "device brightness-high",
  "mdi-device-brightness-low": "device brightness-low",
  "mdi-device-brightness-medium": "device brightness-medium",
  "mdi-device-data-usage": "device data-usage",
  "mdi-device-developer-mode": "device developer-mode",
  "mdi-device-devices": "device devices",
  "mdi-device-dvr": "device dvr",
  "mdi-device-gps-fixed": "device gps-fixed",
  "mdi-device-gps-not-fixed": "device gps-not-fixed",
  "mdi-device-gps-off": "device gps-off",
  "mdi-device-location-disabled": "device location-disabled",
  "mdi-device-location-searching": "device location-searching",
  "mdi-device-multitrack-audio": "device multitrack-audio",
  "mdi-device-network-cell": "device network-cell",
  "mdi-device-network-wifi": "device network-wifi",
  "mdi-device-nfc": "device nfc",
  "mdi-device-now-wallpaper": "device now-wallpaper",
  "mdi-device-now-widgets": "device now-widgets",
  "mdi-device-screen-lock-landscape": "device screen-lock-landscape",
  "mdi-device-screen-lock-portrait": "device screen-lock-portrait",
  "mdi-device-screen-lock-rotation": "device screen-lock-rotation",
  "mdi-device-screen-rotation": "device screen-rotation",
  "mdi-device-sd-storage": "device sd-storage",
  "mdi-device-settings-system-daydream": "device settings-system-daydream",
  "mdi-device-signal-cellular-0-bar": "device signal-cellular-0-bar",
  "mdi-device-signal-cellular-1-bar": "device signal-cellular-1-bar",
  "mdi-device-signal-cellular-2-bar": "device signal-cellular-2-bar",
  "mdi-device-signal-cellular-3-bar": "device signal-cellular-3-bar",
  "mdi-device-signal-cellular-4-bar": "device signal-cellular-4-bar",
  "mdi-device-signal-cellular-connected-no-internet-0-bar": "device signal-cellular-connected-no-internet-0-bar",
  "mdi-device-signal-cellular-connected-no-internet-1-bar": "device signal-cellular-connected-no-internet-1-bar",
  "mdi-device-signal-cellular-connected-no-internet-2-bar": "device signal-cellular-connected-no-internet-2-bar",
  "mdi-device-signal-cellular-connected-no-internet-3-bar": "device signal-cellular-connected-no-internet-3-bar",
  "mdi-device-signal-cellular-connected-no-internet-4-bar": "device signal-cellular-connected-no-internet-4-bar",
  "mdi-device-signal-cellular-no-sim": "device signal-cellular-no-sim",
  "mdi-device-signal-cellular-null": "device signal-cellular-null",
  "mdi-device-signal-cellular-off": "device signal-cellular-off",
  "mdi-device-signal-wifi-0-bar": "device signal-wifi-0-bar",
  "mdi-device-signal-wifi-1-bar": "device signal-wifi-1-bar",
  "mdi-device-signal-wifi-2-bar": "device signal-wifi-2-bar",
  "mdi-device-signal-wifi-3-bar": "device signal-wifi-3-bar",
  "mdi-device-signal-wifi-4-bar": "device signal-wifi-4-bar",
  "mdi-device-signal-wifi-off": "device signal-wifi-off",
  "mdi-device-storage": "device storage",
  "mdi-device-usb": "device usb",
  "mdi-device-wifi-lock": "device wifi-lock",
  "mdi-device-wifi-tethering": "device wifi-tethering",
  "mdi-editor-attach-file": "editor attach-file",
  "mdi-editor-attach-money": "editor attach-money",
  "mdi-editor-border-all": "editor border-all",
  "mdi-editor-border-bottom": "editor border-bottom",
  "mdi-editor-border-clear": "editor border-clear",
  "mdi-editor-border-color": "editor border-color",
  "mdi-editor-border-horizontal": "editor border-horizontal",
  "mdi-editor-border-inner": "editor border-inner",
  "mdi-editor-border-left": "editor border-left",
  "mdi-editor-border-outer": "editor border-outer",
  "mdi-editor-border-right": "editor border-right",
  "mdi-editor-border-style": "editor border-style",
  "mdi-editor-border-top": "editor border-top",
  "mdi-editor-border-vertical": "editor border-vertical",
  "mdi-editor-format-align-center": "editor format-align-center",
  "mdi-editor-format-align-justify": "editor format-align-justify",
  "mdi-editor-format-align-left": "editor format-align-left",
  "mdi-editor-format-align-right": "editor format-align-right",
  "mdi-editor-format-bold": "editor format-bold",
  "mdi-editor-format-clear": "editor format-clear",
  "mdi-editor-format-color-fill": "editor format-color-fill",
  "mdi-editor-format-color-reset": "editor format-color-reset",
  "mdi-editor-format-color-text": "editor format-color-text",
  "mdi-editor-format-indent-decrease": "editor format-indent-decrease",
  "mdi-editor-format-indent-increase": "editor format-indent-increase",
  "mdi-editor-format-italic": "editor format-italic",
  "mdi-editor-format-line-spacing": "editor format-line-spacing",
  "mdi-editor-format-list-bulleted": "editor format-list-bulleted",
  "mdi-editor-format-list-numbered": "editor format-list-numbered",
  "mdi-editor-format-paint": "editor format-paint",
  "mdi-editor-format-quote": "editor format-quote",
  "mdi-editor-format-size": "editor format-size",
  "mdi-editor-format-strikethrough": "editor format-strikethrough",
  "mdi-editor-format-textdirection-l-to-r": "editor format-textdirection-l-to-r",
  "mdi-editor-format-textdirection-r-to-l": "editor format-textdirection-r-to-l",
  "mdi-editor-format-underline": "editor format-underline",
  "mdi-editor-functions": "editor functions",
  "mdi-editor-insert-chart": "editor insert-chart",
  "mdi-editor-insert-comment": "editor insert-comment",
  "mdi-editor-insert-drive-file": "editor insert-drive-file",
  "mdi-editor-insert-emoticon": "editor insert-emoticon",
  "mdi-editor-insert-invitation": "editor insert-invitation",
  "mdi-editor-insert-link": "editor insert-link",
  "mdi-editor-insert-photo": "editor insert-photo",
  "mdi-editor-merge-type": "editor merge-type",
  "mdi-editor-mode-comment": "editor mode-comment",
  "mdi-editor-mode-edit": "editor mode-edit",
  "mdi-editor-publish": "editor publish",
  "mdi-editor-vertical-align-bottom": "editor vertical-align-bottom",
  "mdi-editor-vertical-align-center": "editor vertical-align-center",
  "mdi-editor-vertical-align-top": "editor vertical-align-top",
  "mdi-editor-wrap-text": "editor wrap-text",
  "mdi-file-attachment": "file attachment",
  "mdi-file-cloud": "file cloud",
  "mdi-file-cloud-circle": "file cloud-circle",
  "mdi-file-cloud-done": "file cloud-done",
  "mdi-file-cloud-download": "file cloud-download",
  "mdi-file-cloud-off": "file cloud-off",
  "mdi-file-cloud-queue": "file cloud-queue",
  "mdi-file-cloud-upload": "file cloud-upload",
  "mdi-file-file-download": "file file-download",
  "mdi-file-file-upload": "file file-upload",
  "mdi-file-folder": "file folder",
  "mdi-file-folder-open": "file folder-open",
  "mdi-file-folder-shared": "file folder-shared",
  "mdi-hardware-cast": "hardware cast",
  "mdi-hardware-cast-connected": "hardware cast-connected",
  "mdi-hardware-computer": "hardware computer",
  "mdi-hardware-desktop-mac": "hardware desktop-mac",
  "mdi-hardware-desktop-windows": "hardware desktop-windows",
  "mdi-hardware-dock": "hardware dock",
  "mdi-hardware-gamepad": "hardware gamepad",
  "mdi-hardware-headset": "hardware headset",
  "mdi-hardware-headset-mic": "hardware headset-mic",
  "mdi-hardware-keyboard": "hardware keyboard",
  "mdi-hardware-keyboard-alt": "hardware keyboard-alt",
  "mdi-hardware-keyboard-arrow-down": "hardware keyboard-arrow-down",
  "mdi-hardware-keyboard-arrow-left": "hardware keyboard-arrow-left",
  "mdi-hardware-keyboard-arrow-right": "hardware keyboard-arrow-right",
  "mdi-hardware-keyboard-arrow-up": "hardware keyboard-arrow-up",
  "mdi-hardware-keyboard-backspace": "hardware keyboard-backspace",
  "mdi-hardware-keyboard-capslock": "hardware keyboard-capslock",
  "mdi-hardware-keyboard-control": "hardware keyboard-control",
  "mdi-hardware-keyboard-hide": "hardware keyboard-hide",
  "mdi-hardware-keyboard-return": "hardware keyboard-return",
  "mdi-hardware-keyboard-tab": "hardware keyboard-tab",
  "mdi-hardware-keyboard-voice": "hardware keyboard-voice",
  "mdi-hardware-laptop": "hardware laptop",
  "mdi-hardware-laptop-chromebook": "hardware laptop-chromebook",
  "mdi-hardware-laptop-mac": "hardware laptop-mac",
  "mdi-hardware-laptop-windows": "hardware laptop-windows",
  "mdi-hardware-memory": "hardware memory",
  "mdi-hardware-mouse": "hardware mouse",
  "mdi-hardware-phone-android": "hardware phone-android",
  "mdi-hardware-phone-iphone": "hardware phone-iphone",
  "mdi-hardware-phonelink": "hardware phonelink",
  "mdi-hardware-phonelink-off": "hardware phonelink-off",
  "mdi-hardware-security": "hardware security",
  "mdi-hardware-sim-card": "hardware sim-card",
  "mdi-hardware-smartphone": "hardware smartphone",
  "mdi-hardware-speaker": "hardware speaker",
  "mdi-hardware-tablet": "hardware tablet",
  "mdi-hardware-tablet-android": "hardware tablet-android",
  "mdi-hardware-tablet-mac": "hardware tablet-mac",
  "mdi-hardware-tv": "hardware tv",
  "mdi-hardware-watch": "hardware watch",
  "mdi-image-add-to-photos": "image add-to-photos",
  "mdi-image-adjust": "image adjust",
  "mdi-image-assistant-photo": "image assistant-photo",
  "mdi-image-audiotrack": "image audiotrack",
  "mdi-image-blur-circular": "image blur-circular",
  "mdi-image-blur-linear": "image blur-linear",
  "mdi-image-blur-off": "image blur-off",
  "mdi-image-blur-on": "image blur-on",
  "mdi-image-brightness-1": "image brightness-1",
  "mdi-image-brightness-2": "image brightness-2",
  "mdi-image-brightness-3": "image brightness-3",
  "mdi-image-brightness-4": "image brightness-4",
  "mdi-image-brightness-5": "image brightness-5",
  "mdi-image-brightness-6": "image brightness-6",
  "mdi-image-brightness-7": "image brightness-7",
  "mdi-image-brush": "image brush",
  "mdi-image-camera": "image camera",
  "mdi-image-camera-alt": "image camera-alt",
  "mdi-image-camera-front": "image camera-front",
  "mdi-image-camera-rear": "image camera-rear",
  "mdi-image-camera-roll": "image camera-roll",
  "mdi-image-center-focus-strong": "image center-focus-strong",
  "mdi-image-center-focus-weak": "image center-focus-weak",
  "mdi-image-collections": "image collections",
  "mdi-image-color-lens": "image color-lens",
  "mdi-image-colorize": "image colorize",
  "mdi-image-compare": "image compare",
  "mdi-image-control-point": "image control-point",
  "mdi-image-control-point-duplicate": "image control-point-duplicate",
  "mdi-image-crop": "image crop",
  "mdi-image-crop-3-2": "image crop-3-2",
  "mdi-image-crop-5-4": "image crop-5-4",
  "mdi-image-crop-7-5": "image crop-7-5",
  "mdi-image-crop-16-9": "image crop-16-9",
  "mdi-image-crop-din": "image crop-din",
  "mdi-image-crop-free": "image crop-free",
  "mdi-image-crop-landscape": "image crop-landscape",
  "mdi-image-crop-original": "image crop-original",
  "mdi-image-crop-portrait": "image crop-portrait",
  "mdi-image-crop-square": "image crop-square",
  "mdi-image-dehaze": "image dehaze",
  "mdi-image-details": "image details",
  "mdi-image-edit": "image edit",
  "mdi-image-exposure": "image exposure",
  "mdi-image-exposure-minus-1": "image exposure-minus-1",
  "mdi-image-exposure-minus-2": "image exposure-minus-2",
  "mdi-image-exposure-plus-1": "image exposure-plus-1",
  "mdi-image-exposure-plus-2": "image exposure-plus-2",
  "mdi-image-exposure-zero": "image exposure-zero",
  "mdi-image-filter": "image filter",
  "mdi-image-filter-1": "image filter-1",
  "mdi-image-filter-2": "image filter-2",
  "mdi-image-filter-3": "image filter-3",
  "mdi-image-filter-4": "image filter-4",
  "mdi-image-filter-5": "image filter-5",
  "mdi-image-filter-6": "image filter-6",
  "mdi-image-filter-7": "image filter-7",
  "mdi-image-filter-8": "image filter-8",
  "mdi-image-filter-9": "image filter-9",
  "mdi-image-filter-9-plus": "image filter-9-plus",
  "mdi-image-filter-b-and-w": "image filter-b-and-w",
  "mdi-image-filter-center-focus": "image filter-center-focus",
  "mdi-image-filter-drama": "image filter-drama",
  "mdi-image-filter-frames": "image filter-frames",
  "mdi-image-filter-hdr": "image filter-hdr",
  "mdi-image-filter-none": "image filter-none",
  "mdi-image-filter-tilt-shift": "image filter-tilt-shift",
  "mdi-image-filter-vintage": "image filter-vintage",
  "mdi-image-flare": "image flare",
  "mdi-image-flash-auto": "image flash-auto",
  "mdi-image-flash-off": "image flash-off",
  "mdi-image-flash-on": "image flash-on",
  "mdi-image-flip": "image flip",
  "mdi-image-gradient": "image gradient",
  "mdi-image-grain": "image grain",
  "mdi-image-grid-off": "image grid-off",
  "mdi-image-grid-on": "image grid-on",
  "mdi-image-hdr-off": "image hdr-off",
  "mdi-image-hdr-on": "image hdr-on",
  "mdi-image-hdr-strong": "image hdr-strong",
  "mdi-image-hdr-weak": "image hdr-weak",
  "mdi-image-healing": "image healing",
  "mdi-image-image": "image image",
  "mdi-image-image-aspect-ratio": "image image-aspect-ratio",
  "mdi-image-iso": "image iso",
  "mdi-image-landscape": "image landscape",
  "mdi-image-leak-add": "image leak-add",
  "mdi-image-leak-remove": "image leak-remove",
  "mdi-image-lens": "image lens",
  "mdi-image-looks": "image looks",
  "mdi-image-looks-3": "image looks-3",
  "mdi-image-looks-4": "image looks-4",
  "mdi-image-looks-5": "image looks-5",
  "mdi-image-looks-6": "image looks-6",
  "mdi-image-looks-one": "image looks-one",
  "mdi-image-looks-two": "image looks-two",
  "mdi-image-loupe": "image loupe",
  "mdi-image-movie-creation": "image movie-creation",
  "mdi-image-nature": "image nature",
  "mdi-image-nature-people": "image nature-people",
  "mdi-image-navigate-": "image navigate-",
  "mdi-image-navigate-next": "image navigate-next",
  "mdi-image-palette": "image palette",
  "mdi-image-panorama": "image panorama",
  "mdi-image-panorama-fisheye": "image panorama-fisheye",
  "mdi-image-panorama-horizontal": "image panorama-horizontal",
  "mdi-image-panorama-vertical": "image panorama-vertical",
  "mdi-image-panorama-wide-angle": "image panorama-wide-angle",
  "mdi-image-photo": "image photo",
  "mdi-image-photo-album": "image photo-album",
  "mdi-image-photo-camera": "image photo-camera",
  "mdi-image-photo-library": "image photo-library",
  "mdi-image-portrait": "image portrait",
  "mdi-image-remove-red-eye": "image remove-red-eye",
  "mdi-image-rotate-left": "image rotate-left",
  "mdi-image-rotate-right": "image rotate-right",
  "mdi-image-slideshow": "image slideshow",
  "mdi-image-straighten": "image straighten",
  "mdi-image-style": "image style",
  "mdi-image-switch-camera": "image switch-camera",
  "mdi-image-switch-video": "image switch-video",
  "mdi-image-tag-faces": "image tag-faces",
  "mdi-image-texture": "image texture",
  "mdi-image-timelapse": "image timelapse",
  "mdi-image-timer": "image timer",
  "mdi-image-timer-3": "image timer-3",
  "mdi-image-timer-10": "image timer-10",
  "mdi-image-timer-auto": "image timer-auto",
  "mdi-image-timer-off": "image timer-off",
  "mdi-image-tonality": "image tonality",
  "mdi-image-transform": "image transform",
  "mdi-image-tune": "image tune",
  "mdi-image-wb-auto": "image wb-auto",
  "mdi-image-wb-cloudy": "image wb-cloudy",
  "mdi-image-wb-incandescent": "image wb-incandescent",
  "mdi-image-wb-iridescent": "image wb-iridescent",
  "mdi-image-wb-sunny": "image wb-sunny",
  "mdi-maps-beenhere": "maps beenhere",
  "mdi-maps-directions": "maps directions",
  "mdi-maps-directions-bike": "maps directions-bike",
  "mdi-maps-directions-bus": "maps directions-bus",
  "mdi-maps-directions-car": "maps directions-car",
  "mdi-maps-directions-ferry": "maps directions-ferry",
  "mdi-maps-directions-subway": "maps directions-subway",
  "mdi-maps-directions-train": "maps directions-train",
  "mdi-maps-directions-transit": "maps directions-transit",
  "mdi-maps-directions-walk": "maps directions-walk",
  "mdi-maps-flight": "maps flight",
  "mdi-maps-hotel": "maps hotel",
  "mdi-maps-layers": "maps layers",
  "mdi-maps-layers-clear": "maps layers-clear",
  "mdi-maps-local-airport": "maps local-airport",
  "mdi-maps-local-atm": "maps local-atm",
  "mdi-maps-local-attraction": "maps local-attraction",
  "mdi-maps-local-bar": "maps local-bar",
  "mdi-maps-local-cafe": "maps local-cafe",
  "mdi-maps-local-car-wash": "maps local-car-wash",
  "mdi-maps-local-convenience-store": "maps local-convenience-store",
  "mdi-maps-local-drink": "maps local-drink",
  "mdi-maps-local-florist": "maps local-florist",
  "mdi-maps-local-gas-station": "maps local-gas-station",
  "mdi-maps-local-grocery-store": "maps local-grocery-store",
  "mdi-maps-local-hospital": "maps local-hospital",
  "mdi-maps-local-hotel": "maps local-hotel",
  "mdi-maps-local-laundry-service": "maps local-laundry-service",
  "mdi-maps-local-library": "maps local-library",
  "mdi-maps-local-mall": "maps local-mall",
  "mdi-maps-local-movies": "maps local-movies",
  "mdi-maps-local-offer": "maps local-offer",
  "mdi-maps-local-parking": "maps local-parking",
  "mdi-maps-local-pharmacy": "maps local-pharmacy",
  "mdi-maps-local-phone": "maps local-phone",
  "mdi-maps-local-pizza": "maps local-pizza",
  "mdi-maps-local-play": "maps local-play",
  "mdi-maps-local-post-office": "maps local-post-office",
  "mdi-maps-local-print-shop": "maps local-print-shop",
  "mdi-maps-local-restaurant": "maps local-restaurant",
  "mdi-maps-local-see": "maps local-see",
  "mdi-maps-local-shipping": "maps local-shipping",
  "mdi-maps-local-taxi": "maps local-taxi",
  "mdi-maps-location-history": "maps location-history",
  "mdi-maps-map": "maps map",
  "mdi-maps-my-location": "maps my-location",
  "mdi-maps-navigation": "maps navigation",
  "mdi-maps-pin-drop": "maps pin-drop",
  "mdi-maps-place": "maps place",
  "mdi-maps-rate-review": "maps rate-review",
  "mdi-maps-restaurant-menu": "maps restaurant-menu",
  "mdi-maps-satellite": "maps satellite",
  "mdi-maps-store-mall-directory": "maps store-mall-directory",
  "mdi-maps-terrain": "maps terrain",
  "mdi-maps-traffic": "maps traffic",
  "mdi-navigation-apps": "navigation apps",
  "mdi-navigation-arrow-back": "navigation arrow-back",
  "mdi-navigation-arrow-drop-down": "navigation arrow-drop-down",
  "mdi-navigation-arrow-drop-down-circle": "navigation arrow-drop-down-circle",
  "mdi-navigation-arrow-drop-up": "navigation arrow-drop-up",
  "mdi-navigation-arrow-forward": "navigation arrow-forward",
  "mdi-navigation-cancel": "navigation cancel",
  "mdi-navigation-check": "navigation check",
  "mdi-navigation-chevron-left": "navigation chevron-left",
  "mdi-navigation-chevron-right": "navigation chevron-right",
  "mdi-navigation-close": "navigation close",
  "mdi-navigation-expand-less": "navigation expand-less",
  "mdi-navigation-expand-more": "navigation expand-more",
  "mdi-navigation-fullscreen": "navigation fullscreen",
  "mdi-navigation-fullscreen-exit": "navigation fullscreen-exit",
  "mdi-navigation-menu": "navigation menu",
  "mdi-navigation-more-horiz": "navigation more-horiz",
  "mdi-navigation-more-vert": "navigation more-vert",
  "mdi-navigation-refresh": "navigation refresh",
  "mdi-navigation-unfold-less": "navigation unfold-less",
  "mdi-navigation-unfold-more": "navigation unfold-more",
  "mdi-notification-adb": "notification adb",
  "mdi-notification-bluetooth-audio": "notification bluetooth-audio",
  "mdi-notification-disc-full": "notification disc-full",
  "mdi-notification-dnd-forwardslash": "notification dnd-forwardslash",
  "mdi-notification-do-not-disturb": "notification do-not-disturb",
  "mdi-notification-drive-eta": "notification drive-eta",
  "mdi-notification-event-available": "notification event-available",
  "mdi-notification-event-busy": "notification event-busy",
  "mdi-notification-event-note": "notification event-note",
  "mdi-notification-folder-special": "notification folder-special",
  "mdi-notification-mms": "notification mms",
  "mdi-notification-more": "notification more",
  "mdi-notification-network-locked": "notification network-locked",
  "mdi-notification-phone-bluetooth-speaker": "notification phone-bluetooth-speaker",
  "mdi-notification-phone-forwarded": "notification phone-forwarded",
  "mdi-notification-phone-in-talk": "notification phone-in-talk",
  "mdi-notification-phone-locked": "notification phone-locked",
  "mdi-notification-phone-missed": "notification phone-missed",
  "mdi-notification-phone-paused": "notification phone-paused",
  "mdi-notification-play-download": "notification play-download",
  "mdi-notification-play-install": "notification play-install",
  "mdi-notification-sd-card": "notification sd-card",
  "mdi-notification-sim-card-alert": "notification sim-card-alert",
  "mdi-notification-sms": "notification sms",
  "mdi-notification-sms-failed": "notification sms-failed",
  "mdi-notification-sync": "notification sync",
  "mdi-notification-sync-disabled": "notification sync-disabled",
  "mdi-notification-sync-problem": "notification sync-problem",
  "mdi-notification-system-update": "notification system-update",
  "mdi-notification-tap-and-play": "notification tap-and-play",
  "mdi-notification-time-to-leave": "notification time-to-leave",
  "mdi-notification-vibration": "notification vibration",
  "mdi-notification-voice-chat": "notification voice-chat",
  "mdi-notification-vpn-lock": "notification vpn-lock",
  "mdi-social-cake": "social cake",
  "mdi-social-domain": "social domain",
  "mdi-social-group": "social group",
  "mdi-social-group-add": "social group-add",
  "mdi-social-location-city": "social location-city",
  "mdi-social-mood": "social mood",
  "mdi-social-notifications": "social notifications",
  "mdi-social-notifications-none": "social notifications-none",
  "mdi-social-notifications-off": "social notifications-off",
  "mdi-social-notifications-on": "social notifications-on",
  "mdi-social-notifications-paused": "social notifications-paused",
  "mdi-social-pages": "social pages",
  "mdi-social-party-mode": "social party-mode",
  "mdi-social-people": "social people",
  "mdi-social-people-outline": "social people-outline",
  "mdi-social-person": "social person",
  "mdi-social-person-add": "social person-add",
  "mdi-social-person-outline": "social person-outline",
  "mdi-social-plus-one": "social plus-one",
  "mdi-social-poll": "social poll",
  "mdi-social-public": "social public",
  "mdi-social-school": "social school",
  "mdi-social-share": "social share",
  "mdi-social-whatshot": "social whatshot",
  "mdi-toggle-check-box": "toggle check-box",
  "mdi-toggle-check-box-outline-blank": "toggle check-box-outline-blank",
  "mdi-toggle-radio-button-off": "toggle radio-button-off",
  "mdi-toggle-radio-button-on": "toggle radio-button-on"
}
