<?xml version="1.0" encoding="utf-8" ?>
<settings version="1">
  <section id="player" label="14200" help="">
    <category id="videoplayer">
      <group id="2">
        <setting id="videoplayer.adjustrefreshrate">
          <visible>false</visible>
        </setting>
      </group>
      <group id="3">
        <setting id="videoplayer.hqscalers">
          <visible>false</visible>
        </setting>
      </group>
    </category>
    <category id="discs">
      <group id="3">
        <visible>false</visible>
      </group>
    </category>
  </section>
  <section id="system">
    <category id="display">
      <group id="1">
        <setting id="videoscreen.resolution">
          <default>17</default> <!-- RES_CUSTOM -->
        </setting>
        <setting id="videoscreen.fakefullscreen">
          <visible>false</visible>
        </setting>
        <setting id="videoscreen.blankdisplays">
          <visible>false</visible>
        </setting>
        <setting id="videoscreen.delayrefreshchange">
          <visible>false</visible>
        </setting>
      </group>
    </category>
    <category id="audio">
      <group id="1">
        <setting id="audiooutput.audiodevice" type="string">
          <default>Default</default>
          <visible>false</visible>
        </setting>
      </group>
      <group id="3">
        <setting id="audiooutput.passthroughdevice" type="string">
          <default>Default</default>
          <visible>false</visible>
        </setting>
      </group>
    </category>
    <category id="input">
      <group id="1">
        <setting id="input.peripherals">
          <visible>false</visible>
        </setting>
      </group>
      <group id="2">
        <setting id="input.enablemouse">
          <visible>false</visible>
        </setting>
      </group>
      <group id="3">
        <setting id="input.appleremotemode" type="integer" label="13600" help="36416">
          <visible>false</visible>
        </setting>
        <setting id="input.appleremotesequencetime" type="integer" label="13603" help="36418">
          <visible>false</visible>
        </setting>
      </group>
    </category>
    <category id="logging">
      <group id="1">
        <setting id="debug.sharelog" type="action" label="39118">
          <control type="button" format="action" />
        </setting>
      </group>
    </category>
  </section>
  <section id="interface">
    <category id="skin">
      <group id="1">
        <setting id="lookandfeel.skin" type="addon">
          <default>skin.estouchy</default>
        </setting>
      </group>
    </category>
  </section>
</settings>
