<?xml version="1.0" encoding="UTF-8" standalone="yes"?>
<addon id="resource.images.weathericons.default"
       name="Weather Icons - Default"
       version="1.1.9"
       provider-name="Team Kodi">
  <requires>
    <import addon="kodi.resource" version="1.0.0"/>
  </requires>
  <extension point="kodi.resource.images"
             type="weather" />
  <extension point="xbmc.addon.metadata">
    <summary lang="en">Default Weather Icons</summary>
    <description lang="en">Default set of Weather Icons shipped with Kodi</description>
    <platform>all</platform>
    <assets>
      <icon>icon.png</icon>
    </assets>
  </extension>
</addon>
