<addons>
  <addon>audioencoder.kodi.builtin.aac</addon>
  <addon>audioencoder.kodi.builtin.wma</addon>
  <addon>game.controller.default</addon>
  <addon>game.controller.keyboard</addon>
  <addon>game.controller.mouse</addon>
  <addon>game.controller.snes</addon>
  <addon>kodi.binary.global.audioengine</addon>
  <addon>kodi.binary.global.filesystem</addon>
  <addon>kodi.binary.global.general</addon>
  <addon>kodi.binary.global.gui</addon>
  <addon>kodi.binary.global.main</addon>
  <addon>kodi.binary.global.network</addon>
  <addon>kodi.binary.global.tools</addon>
  <addon>kodi.binary.instance.audiodecoder</addon>
  <addon>kodi.binary.instance.audioencoder</addon>
  <addon>kodi.binary.instance.game</addon>
  <addon>kodi.binary.instance.imagedecoder</addon>
  <addon>kodi.binary.instance.inputstream</addon>
  <addon>kodi.binary.instance.peripheral</addon>
  <addon>kodi.binary.instance.pvr</addon>
  <addon>kodi.binary.instance.screensaver</addon>
  <addon>kodi.binary.instance.vfs</addon>
  <addon>kodi.binary.instance.videocodec</addon>
  <addon>kodi.binary.instance.visualization</addon>
  <addon>kodi.resource</addon>
  <addon>metadata.album.universal</addon>
  <addon>metadata.artists.universal</addon>
  <addon>metadata.common.allmusic.com</addon>
  <addon>metadata.common.fanart.tv</addon>
  <addon>metadata.common.musicbrainz.org</addon>
  <addon>metadata.common.theaudiodb.com</addon>
  <addon>metadata.generic.albums</addon>
  <addon>metadata.generic.artists</addon>
  <addon>metadata.local</addon>
  <addon>metadata.themoviedb.org.python</addon>
  <addon>metadata.tvshows.themoviedb.org.python</addon>
  <addon>repository.xbmc.org</addon>
  <addon>resource.images.weathericons.default</addon>
  <addon>resource.language.en_gb</addon>
  <addon>resource.uisounds.kodi</addon>
  <addon>screensaver.xbmc.builtin.black</addon>
  <addon>screensaver.xbmc.builtin.dim</addon>
  <addon>script.module.pil</addon>
  <addon>script.module.pycryptodome</addon>
  <addon>skin.estouchy</addon>
  <addon>skin.estuary</addon>
  <addon>webinterface.default</addon>
  <addon>xbmc.addon</addon>
  <addon>xbmc.core</addon>
  <addon>xbmc.gui</addon>
  <addon>xbmc.json</addon>
  <addon>xbmc.metadata</addon>
  <addon>xbmc.python</addon>
  <addon>xbmc.webinterface</addon>
  <addon optional="true">inputstream.adaptive</addon>
  <addon optional="true">peripheral.joystick</addon>
  <addon optional="true">service.xbmc.versioncheck</addon>
</addons>
